,Entry
0,A0AVT1
6,A1Z199
36,A1Z1Q3
37,A5LHX3
141,A5PKW4
252,A5X5Y0
530,A6NHL2
533,A7MCY6
534,A8K2H7
538,A8MPY1
546,B1AH88
547,B2RXH2
589,C9JQD8
593,O00115
594,O00141
729,O00142
759,O00167
762,O00182
782,O00187
786,O00206
874,O00214
877,O00217
881,O00220
884,O00222
946,O00231
975,O00232
1004,O00238
1041,O00255
1272,O00257
1300,O00264
1301,O00305
1310,O00311
1889,O00329
7889,O00337
7891,O00391
7892,O00398
7943,O00400
8088,O00408
8581,O00418
8663,O00429
8706,O00443
8722,O00444
8911,O00459
9191,O00462
9192,O00481
9217,O00482
9286,O00483
9292,O00487
9344,O00506
9368,O00512
9381,O00519
10576,O00555
10592,O00571
10595,O00591
10973,O00625
10985,O00748
11119,O00750
11360,O00754
11365,O00762
11366,O00763
14940,O00764
14947,O00767
15435,O14519
15452,O14561
15456,O14578
15492,O14638
15547,O14640
15548,O14641
15551,O14649
15618,O14672
15762,O14684
17228,O14730
17251,O14733
17292,O14744
17871,O14746
18308,O14757
20324,O14764
20711,O14786
20775,O14788
20783,O14793
20790,O14804
20791,O14815
20800,O14818
20904,O14842
22299,O14843
22344,O14867
22345,O14920
23462,O14936
23479,O14939
23621,O14965
26527,O14966
26528,O14975
26530,O14976
26712,O14980
26747,O14983
26755,O15021
26758,O15054
26810,O15055
26903,O15056
26931,O15075
26951,O15111
27292,O15118
27298,O15120
27400,O15146
27428,O15151
27677,O15164
27760,O15197
27794,O15228
27796,O15229
27948,O15239
27952,O15244
28017,O15245
28058,O15254
28060,O15264
28690,O15269
28694,O15270
28708,O15294
28713,O15296
28719,O15297
28724,O15303
28787,O15305
28791,O15357
28805,O15379
32172,O15382
32245,O15392
32273,O15393
32278,O15399
32523,O15427
32762,O15438
32768,O15439
32803,O15440
32806,O15455
32807,O15492
32808,O15496
32915,O15527
32930,O15528
32945,O15530
33702,O15540
33732,O15550
33744,O15552
34081,O15554
34228,O43148
34229,O43174
34410,O43175
34693,O43181
34697,O43184
34702,O43187
34703,O43193
34964,O43194
35030,O43242
35059,O43280
35060,O43283
35084,O43291
35086,O43293
35155,O43306
35190,O43314
35191,O43318
35452,O43353
35631,O43426
35632,O43451
36072,O43463
36079,O43464
36080,O43497
36601,O43511
36603,O43521
36624,O43525
36789,O43526
37023,O43570
40558,O43598
40579,O43603
40665,O43613
45695,O43614
51571,O43674
51575,O43676
51579,O43677
51583,O43678
51587,O43683
51852,O43739
51853,O43741
51902,O43772
51903,O43781
51967,O43826
51978,O43865
51981,O43868
52005,O43895
52010,O43897
52013,O43920
52017,O43924
52228,O60218
52326,O60235
52370,O60259
52391,O60266
52426,O60285
52486,O60307
52495,O60313
52497,O60331
52511,O60341
54296,O60346
54299,O60359
54308,O60361
54309,O60391
54529,O60427
54571,O60502
54936,O60503
54971,O60551
55019,O60563
55957,O60583
55958,O60603
56053,O60656
56054,O60658
56105,O60671
56107,O60674
63874,O60675
63875,O60678
63945,O60706
64257,O60725
64444,O60733
64453,O60741
64473,O60755
64513,O60760
64778,O60825
64798,O60840
64940,O60841
64941,O60885
66747,O60894
66832,O60896
66976,O60906
66978,O60911
67114,O60930
67123,O60936
67124,O75084
67159,O75106
67163,O75116
69626,O75151
69627,O75164
69791,O75173
70057,O75251
70061,O75306
70066,O75311
70111,O75330
70117,O75342
70118,O75343
70157,O75351
70158,O75355
70159,O75365
70178,O75376
70225,O75380
70229,O75381
70237,O75385
70471,O75419
70472,O75438
70476,O75460
70794,O75469
71172,O75475
71178,O75489
71182,O75493
71202,O75530
71383,O75578
71384,O75581
71396,O75582
71494,O75604
71497,O75608
71516,O75643
71540,O75676
71578,O75688
71588,O75716
71629,O75747
71647,O75751
71666,O75762
72046,O75845
72047,O75874
72666,O75884
72673,O75899
72708,O75907
73568,O75908
73690,O75909
73750,O75914
73792,O75936
73818,O76031
73819,O76039
73832,O76074
75609,O76082
75610,O76083
76078,O94759
76089,O94760
76104,O94768
76189,O94782
76268,O94788
76297,O94804
76368,O94806
76612,O94811
76614,O94907
76647,O94921
76766,O94925
77895,O94953
77981,O94956
77994,O95050
78010,O95067
78407,O95069
78423,O95136
78622,O95139
78626,O95153
78627,O95167
78631,O95168
78635,O95169
78639,O95178
78643,O95180
79041,O95182
79045,O95235
79053,O95255
79054,O95259
79059,O95263
79208,O95264
79488,O95267
79501,O95271
79898,O95298
79902,O95299
79906,O95342
79957,O95347
79959,O95352
80169,O95363
80173,O95372
80195,O95382
80207,O95398
80253,O95436
80256,O95456
80257,O95470
80285,O95503
80291,O95544
80293,O95551
80410,O95563
80412,O95602
80431,O95622
80489,O95630
80509,O95644
80520,O95665
80618,O95696
80700,O95718
80765,O95747
80779,O95749
80864,O95819
81305,O95822
81563,O95835
81745,O95838
81847,O95864
81848,O95870
81852,O95931
81917,O95932
81919,O95977
82292,O96000
82296,O96013
82650,O96017
83156,O96020
83867,O96028
83869,P00325
83881,P00326
83890,P00338
84092,P00352
84267,P00374
85205,P00390
85232,P00395
85234,P00403
85242,P00439
85243,P00441
85261,P00451
85270,P00480
85271,P00488
85367,P00491
85597,P00492
85707,P00519
87868,P00533
94893,P00540
94894,P00558
94998,P00734
99507,P00736
99532,P00740
100376,P00742
106065,P00746
106121,P00747
106902,P00748
107021,P00749
108044,P00750
108332,P00751
108344,P00797
111339,P00813
111391,P00915
117189,P00918
124090,P01008
124096,P01024
124114,P01031
124118,P01042
124178,P01100
124222,P01106
124416,P01111
124418,P01112
124452,P01116
124580,P01130
124614,P01138
124615,P01160
124627,P01213
124628,P01275
124742,P01303
124747,P01375
126149,P01579
126150,P01584
126296,P01589
126298,P01730
126303,P01911
126345,P02144
126349,P02489
126350,P02511
126357,P02708
126471,P02748
126474,P02751
126478,P02753
126768,P02763
126769,P02766
126839,P02768
126881,P02774
126882,P02776
126883,P03372
129663,P03886
129667,P03891
129671,P03897
129675,P03901
129679,P03905
129689,P03915
129693,P03923
129697,P03951
131715,P03952
132021,P03956
134703,P04004
134704,P04035
134925,P04049
137449,P04053
137469,P04054
137621,P04062
138112,P04066
138180,P04070
138293,P04085
138294,P04114
138343,P04150
140721,P04156
140731,P04180
140880,P04181
140882,P04183
140907,P04198
140919,P04201
140921,P04233
140958,P04271
140965,P04278
141053,P04350
141765,P04406
141775,P04439
141929,P04626
144074,P04629
144771,P04632
144851,P04637
145320,P04731
145321,P04732
145322,P04733
145323,P04746
145346,P04792
145354,P04798
145660,P04818
146207,P04839
146226,P04899
146227,P05023
146406,P05026
146582,P05067
147737,P05089
147848,P05091
147978,P05093
148817,P05106
151230,P05107
151665,P05121
151904,P05129
152307,P05141
152308,P05162
152309,P05164
152570,P05177
153544,P05181
153593,P05186
153917,P05230
153979,P05231
153982,P05362
154580,P05386
154605,P05388
154630,P05412
154778,P05413
154855,P05556
156515,P05771
157366,P05981
157526,P06213
158422,P06239
159993,P06241
160254,P06276
162329,P06280
162347,P06400
162362,P06401
164358,P06493
166294,P06681
166295,P06702
166338,P06729
166340,P06730
166369,P06733
166370,P06734
166432,P06737
166905,P06746
166927,P06748
166964,P06756
168558,P06858
168564,P06865
168586,P06870
168726,P06881
168811,P07099
169049,P07101
169052,P07148
169058,P07195
169155,P07202
169159,P07205
169179,P07237
169264,P07288
169331,P07305
169338,P07306
169351,P07327
169376,P07332
169412,P07333
170810,P07339
172455,P07355
172485,P07384
173195,P07437
173911,P07438
173912,P07451
174049,P07477
176424,P07478
177344,P07492
177361,P07510
177458,P07550
179264,P07686
179315,P07711
180992,P07741
180993,P07858
182126,P07900
183861,P07947
184019,P07948
184561,P07949
187409,P07992
187463,P07998
187465,P08069
189669,P08134
189682,P08138
189685,P08151
189708,P08172
191759,P08173
193000,P08183
194628,P08185
194651,P08235
195694,P08236
195748,P08238
196926,P08240
196927,P08243
196930,P08246
199376,P08253
202629,P08254
204422,P08263
204439,P08311
204630,P08319
204634,P08397
204636,P08473
205096,P08514
206652,P08571
206655,P08574
206656,P08575
206797,P08581
210363,P08588
211925,P08631
212383,P08648
212748,P08684
216102,P08686
216195,P08708
216220,P08709
217165,P08754
217171,P08833
217174,P08842
217562,P08865
217587,P08887
217589,P08908
222310,P08912
223375,P08913
224461,P08922
224627,P09038
224731,P09086
224732,P09172
224744,P09210
224747,P09211
225273,P09237
225766,P09238
225958,P09382
225981,P09417
225992,P09429
225995,P09467
226367,P09471
226374,P09488
226377,P09601
226383,P09619
228345,P09651
228346,P09668
228380,P09681
228392,P09769
228463,P09848
228464,P09871
228567,P09874
230616,P09884
230648,P09917
232437,P09923
232506,P09936
232525,P09958
233050,P09960
233841,P0C1S8
233858,P0C264
233875,P0C869
233910,P0DJD9
233938,P0DMS8
238432,P0DMS9
238570,P0DMV8
238589,P0DMV9
238608,P0DP23
238622,P0DP24
238625,P0DP25
238628,P0DPD6
238631,P0DPD8
238636,P0DPH7
239350,P0DQD5
239375,P0DTE7
239377,P0DTE8
239379,P0DUB6
239385,P10070
239390,P10144
239410,P10145
239467,P10153
239469,P10253
239832,P10275
241859,P10276
242182,P10323
242227,P10398
242252,P10415
243054,P10586
243109,P10599
243120,P10619
243154,P10632
243335,P10635
245105,P10636
245228,P10644
245233,P10646
246748,P10696
246762,P10721
247981,P10809
248022,P10826
248360,P10827
248724,P10828
249227,P11021
249243,P11086
249380,P11137
249384,P11142
249414,P11150
249472,P11166
249946,P11168
249979,P11169
250030,P11172
250034,P11215
250036,P11216
250040,P11217
250139,P11229
252813,P11230
252939,P11274
253465,P11308
253473,P11309
254871,P11362
257408,P11387
257750,P11388
257978,P11413
257996,P11473
258494,P11474
258684,P11509
258863,P11511
260798,P11586
260810,P11597
261843,P11678
261846,P11712
263513,P11717
263520,P11766
263601,P11801
263604,P11802
265819,P11926
265831,P12004
265851,P12081
265852,P12104
265863,P12236
265865,P12259
265877,P12268
266632,P12314
266636,P12544
266637,P12644
266657,P12821
267244,P12872
267279,P12931
269869,P12955
269875,P13051
269877,P13497
270245,P13500
270271,P13501
270301,P13569
270670,P13612
272117,P13631
272456,P13637
272632,P13640
272633,P13674
272636,P13726
273250,P13807
273297,P13861
273315,P13866
273700,P13945
275410,P13995
275445,P14060
275459,P14061
275972,P14091
276044,P14151
276071,P14174
276272,P14207
276306,P14210
276311,P14222
276523,P14324
276811,P14384
276812,P14410
277200,P14415
277376,P14416
285461,P14550
285485,P14555
285850,P14616
285874,P14618
286130,P14625
286249,P14635
287415,P14672
287420,P14679
287482,P14735
287533,P14778
287534,P14780
290260,P14867
291486,P14902
292724,P14920
293022,P14927
293027,P15056
296350,P15085
296403,P15086
296459,P15088
296462,P15090
296638,P15104
296653,P15121
297310,P15144
297578,P15169
297591,P15170
297597,P15291
297600,P15309
297613,P15311
297619,P15313
297624,P15328
297682,P15374
297683,P15382
297710,P15428
298072,P15498
298073,P15514
298078,P15531
298079,P15538
299581,P15559
299836,P15692
300026,P15735
300063,P15880
300088,P15884
300095,P15907
300115,P15941
300116,P16050
300386,P16066
300536,P16083
300839,P16109
300909,P16118
300926,P16152
300939,P16220
300943,P16233
300957,P16234
301763,P16278
301781,P16298
301782,P16389
301785,P16435
301787,P16444
301807,P16455
301891,P16471
301893,P16473
301914,P16499
302057,P16519
302063,P16581
302212,P16591
302290,P16615
302297,P16662
302336,P16885
302347,P17174
302348,P17181
302349,P17252
303586,P17301
303678,P17342
303731,P17405
303764,P17516
303774,P17538
303858,P17568
303862,P17612
304263,P17655
304427,P17658
304432,P17706
304867,P17707
304896,P17752
305522,P17787
306569,P17861
306572,P17931
306639,P17936
306678,P17948
307811,P17980
307840,P18031
309817,P18054
309934,P18065
309936,P18074
309951,P18077
309976,P18084
310297,P18089
311003,P18124
311028,P18405
311435,P18433
311458,P18440
311483,P18505
311876,P18507
313260,P18509
313283,P18510
313291,P18545
313384,P18564
313669,P18621
313694,P18669
313716,P18825
314551,P18846
314569,P18858
314680,P19021
314690,P19022
314691,P19099
315676,P19174
315695,P19235
315712,P19256
315714,P19320
315852,P19367
315870,P19404
315874,P19438
315967,P19440
315972,P19525
316054,P19623
316058,P19634
316294,P19784
316891,P19793
318119,P19801
318138,P19835
318145,P19838
318333,P19971
318444,P20142
318478,P20151
318491,P20231
318518,P20248
320657,P20273
320680,P20292
322863,P20309
325356,P20340
325357,P20366
325370,P20393
325441,P20594
325452,P20618
325657,P20648
325842,P20701
326330,P20749
326338,P20794
326347,P20813
326435,P20815
326498,P20839
326654,P20916
326669,P21127
326692,P21246
326694,P21397
328056,P21452
329060,P21453
331962,P21462
332260,P21554
337861,P21580
337863,P21589
337942,P21673
337944,P21675
338050,P21709
338087,P21728
339294,P21730
339544,P21731
340524,P21741
340533,P21757
340534,P21802
342177,P21817
342184,P21860
342680,P21912
342715,P21917
345415,P21918
345762,P21964
345874,P21980
346216,P22001
346759,P22004
346760,P22079
346761,P22083
346762,P22090
346787,P22102
346882,P22234
346931,P22303
350767,P22307
350768,P22309
350777,P22310
350780,P22314
350807,P22392
350816,P22413
350935,P22455
351943,P22459
351953,P22460
352674,P22607
354125,P22612
354349,P22674
354352,P22680
354354,P22692
354356,P22694
354586,P22735
354645,P22736
354662,P22748
355832,P22760
355834,P22830
355862,P22888
355918,P22894
357056,P23025
357069,P23109
357071,P23141
357351,P23219
358180,P23280
358607,P23284
358744,P23396
358769,P23415
358820,P23416
358827,P23443
360341,P23458
366393,P23467
366524,P23469
366529,P23470
366545,P23471
366550,P23526
366692,P23528
366693,P23560
366696,P23677
366697,P23743
366701,P23786
366816,P23919
366823,P23921
366895,P23945
366955,P23946
367572,P23975
370972,P24046
371010,P24158
371041,P24347
371046,P24385
372436,P24387
372441,P24462
372451,P24530
373386,P24539
373387,P24557
374233,P24592
374235,P24593
374244,P24666
374278,P24723
374729,P24855
374730,P24863
375033,P24864
377137,P24941
381374,P25021
381761,P25024
382016,P25025
383016,P25054
383047,P25090
383802,P25098
384088,P25100
385881,P25101
387340,P25103
389856,P25105
390281,P25106
390435,P25116
391097,P25322
391215,P25398
391240,P25440
391426,P25445
391427,P25774
393714,P25786
393818,P25787
393922,P25788
394026,P25789
394130,P25791
394131,P25929
394940,P25942
394947,P25963
394975,P26006
395006,P26010
395450,P26012
395578,P26045
395580,P26196
395581,P26358
395690,P26373
395715,P26439
395716,P26447
395733,P26572
395739,P26639
395758,P26640
395761,P26885
395762,P26927
395765,P27037
395776,P27169
395779,P27338
398275,P27348
398276,P27361
398817,P27448
398934,P27487
403042,P27540
403061,P27635
403086,P27694
403155,P27695
403275,P27707
403381,P27708
403387,P27815
405505,P27986
406527,P28062
406803,P28065
406945,P28066
407049,P28070
407153,P28072
407257,P28074
408143,P28161
408180,P28221
409520,P28222
410715,P28223
414763,P28300
414791,P28329
414814,P28331
414818,P28332
414821,P28335
418551,P28336
418667,P28340
418668,P28347
418685,P28472
419939,P28476
419944,P28482
424699,P28562
424710,P28566
424816,P28702
424991,P28715
425038,P28827
425040,P28838
425082,P28845
428332,P28907
428478,P29033
428488,P29074
428490,P29120
428496,P29122
428647,P29144
428648,P29274
434085,P29275
437073,P29317
437602,P29320
437661,P29322
437700,P29323
437768,P29350
437851,P29353
437869,P29371
438845,P29372
438848,P29373
438849,P29375
439369,P29376
439418,P29401
439470,P29466
440157,P29474
440469,P29475
441406,P29597
443371,P29965
443375,P29992
443381,P30050
443406,P30084
443407,P30085
443409,P30086
443410,P30274
443435,P30279
443583,P30281
444050,P30291
444382,P30304
444548,P30305
444873,P30307
444925,P30405
444929,P30411
445432,P30419
445807,P30518
446524,P30519
446527,P30520
446530,P30530
447023,P30531
447101,P30532
447116,P30536
447224,P30542
451744,P30550
451952,P30556
453302,P30559
454231,P30613
454462,P30837
454470,P30838
454507,P30872
455123,P30874
455918,P30926
456487,P30939
456646,P30968
458167,P30988
458325,P30989
458689,P30990
458691,P31040
458692,P31152
458700,P31153
458757,P31213
459183,P31323
459190,P31350
459254,P31391
459908,P31639
460913,P31644
462416,P31645
467483,P31689
467486,P31749
468951,P31751
469438,P31939
469478,P31941
469479,P31944
469484,P31946
469485,P31947
469494,P32019
469495,P32238
470027,P32239
471417,P32241
471459,P32245
473894,P32246
474706,P32247
475010,P32248
475014,P32249
475036,P32297
475690,P32298
475720,P32302
475763,P32320
475790,P32322
475793,P32418
475812,P32745
476799,P32754
476912,P32929
476938,P32969
476963,P33032
477540,P33176
477593,P33260
477604,P33261
478470,P33316
478672,P33402
478711,P33527
479058,P33981
480176,P33991
480177,P34896
480179,P34897
480353,P34903
481466,P34913
483216,P34947
483327,P34949
483364,P34969
485758,P34972
493230,P34981
493236,P34995
493931,P34998
495916,P35030
496850,P35125
496851,P35218
497386,P35222
497713,P35228
498445,P35236
498473,P35268
498498,P35270
499502,P35346
500611,P35348
502940,P35354
506067,P35367
507624,P35368
509541,P35372
515090,P35398
515167,P35408
516127,P35414
517373,P35462
521760,P35498
521887,P35499
522151,P35503
522152,P35520
522160,P35557
523234,P35558
523255,P35568
523261,P35573
523264,P35575
523276,P35579
523277,P35580
523280,P35590
523322,P35610
523613,P35626
523649,P35638
523663,P35790
523743,P35813
523745,P35869
523828,P35913
523921,P35916
524528,P35968
532679,P35998
532708,P36402
532709,P36507
532862,P36544
533939,P36578
533964,P36639
534069,P36873
534090,P36888
536638,P36894
536673,P36896
536777,P36897
537665,P37023
537711,P37058
537896,P37059
538433,P37088
538475,P37173
538826,P37231
542407,P37268
542615,P37288
543603,P37840
543671,P38117
543672,P38398
543688,P38435
543689,P38571
543697,P38919
543738,P38936
543742,P39019
543767,P39023
543792,P39086
543976,P39656
543989,P39748
545156,P39877
545215,P39900
545768,P40145
545819,P40189
545825,P40238
546074,P40261
546129,P40306
546290,P40313
546313,P40337
546419,P40394
546423,P40429
546448,P40763
546738,P40818
546741,P40925
546760,P40926
546793,P40933
546805,P41134
546806,P41143
551345,P41145
556960,P41146
558633,P41180
559165,P41182
559260,P41212
559310,P41222
559312,P41226
559313,P41229
559452,P41231
559732,P41235
559764,P41240
559876,P41250
559877,P41252
559897,P41279
560133,P41440
560183,P41586
560282,P41587
560384,P41594
562793,P41595
564769,P41597
566424,P41743
566994,P41968
567685,P42224
567700,P42226
567803,P42229
567821,P42261
567972,P42262
568243,P42263
568337,P42285
568338,P42330
568874,P42336
575918,P42338
578601,P42345
582831,P42356
582915,P42566
582916,P42568
582942,P42574
583976,P42575
584013,P42677
584045,P42679
584053,P42680
584185,P42681
584280,P42684
584514,P42685
584590,P42766
584615,P42785
584974,P42858
584991,P42892
585332,P43003
585413,P43004
585482,P43005
585545,P43088
585678,P43115
586351,P43116
587084,P43119
587518,P43166
588726,P43220
589310,P43235
591440,P43250
591515,P43351
591545,P43354
591607,P43378
591624,P43403
591871,P43405
596231,P43490
598894,P43657
598905,P43681
599959,P43686
599989,P45452
602854,P45877
602855,P45880
602856,P45973
602857,P45974
602859,P45983
604203,P45984
604911,P45985
604937,P46019
604941,P46020
604944,P46059
604945,P46091
604949,P46092
604987,P46093
605058,P46095
605621,P46098
606829,P46108
606832,P46531
606874,P46663
607563,P46721
607568,P46734
607588,P46776
607613,P46777
607638,P46778
607663,P46779
607688,P46781
607713,P46782
607738,P46783
607763,P46821
607764,P46934
607766,P46937
607798,P46939
607800,P46952
607801,P47211
607911,P47712
608163,P47869
609208,P47870
609796,P47871
610743,P47872
610745,P47895
610777,P47897
610780,P47898
611045,P47900
611421,P47901
611936,P47914
611961,P47929
611973,P47989
612219,P48039
613396,P48048
614487,P48051
614639,P48052
614650,P48058
614821,P48061
614850,P48065
614860,P48066
614870,P48067
615719,P48145
615855,P48147
616171,P48163
616175,P48167
616235,P48169
616695,P48426
616729,P48443
616891,P48449
617029,P48506
617032,P48544
617237,P48546
617384,P48547
617385,P48549
617569,P48556
617598,P48729
617699,P48730
617977,P48735
618047,P48736
621470,P48740
621473,P48764
621772,P48775
622163,P48995
622170,P49019
622270,P49116
622283,P49137
623109,P49146
623702,P49207
623727,P49238
623789,P49281
623837,P49286
624909,P49327
625074,P49336
625453,P49354
627127,P49356
628872,P49366
628879,P49411
628880,P49427
628881,P49459
628882,P49585
628883,P49589
628885,P49591
628886,P49638
628891,P49662
628929,P49674
629074,P49682
630017,P49683
630106,P49720
630210,P49721
630476,P49748
630478,P49759
630831,P49760
630989,P49761
631073,P49763
631108,P49768
633140,P49771
633141,P49773
633157,P49789
633189,P49795
633190,P49798
633229,P49810
635244,P49821
635248,P49840
636505,P49841
639881,P49862
640060,P49888
640078,P49916
640079,P49917
640080,P49961
640081,P50052
641114,P50053
641223,P50135
641227,P50148
641228,P50225
641249,P50281
641878,P50336
641942,P50391
642143,P50406
646179,P50416
646660,P50454
646662,P50570
646676,P50579
647596,P50613
647970,P50747
647976,P50750
649783,P50897
649784,P50914
649809,P50993
649985,P51149
650009,P51159
650010,P51160
650143,P51164
650328,P51178
650329,P51449
651667,P51451
651855,P51452
651951,P51511
651981,P51512
652036,P51531
652053,P51532
652078,P51570
652085,P51575
652109,P51580
652129,P51582
652288,P51589
652322,P51617
652392,P51649
652393,P51665
652422,P51675
652423,P51677
653546,P51679
653969,P51681
655985,P51684
656011,P51685
656190,P51686
656442,P51692
656474,P51787
656533,P51812
656908,P51813
657100,P51817
657118,P51828
657153,P51878
657205,P51946
657443,P51948
657505,P51955
657625,P51956
657639,P51957
657651,P51970
657655,P51993
657660,P52209
657671,P52333
661632,P52564
661659,P52655
661676,P52732
662554,P52757
662555,P52788
662557,P52789
662580,P52895
662704,P53350
663490,P53355
663542,P53396
663591,P53582
663702,P53602
663707,P53609
664174,P53611
664183,P53634
664333,P53667
664593,P53671
664803,P53778
665515,P53779
666691,P53985
666789,P54098
666793,P54132
666815,P54136
666817,P54284
666826,P54289
667050,P54577
667073,P54578
667074,P54619
667244,P54646
667361,P54652
667366,P54687
667382,P54707
667395,P54709
667571,P54710
667747,P54750
667937,P54753
667983,P54756
668018,P54760
668843,P54762
668875,P54764
668940,P54819
668941,P54829
668978,P54840
668979,P55036
669008,P55055
669826,P55058
669827,P55072
670141,P55085
670254,P55157
670431,P55201
670589,P55210
671055,P55211
671111,P55212
671349,P55263
671781,P55786
671797,P55854
671798,P55899
671894,P55957
671907,P56181
671911,P56192
671937,P56199
671938,P56373
674011,P56470
674014,P56524
676575,P56545
676588,P56556
676592,P56696
676620,P56703
676668,P56704
677238,P56730
677354,P56817
685529,P56937
685532,P57058
685551,P57059
685590,P57078
685609,P57764
685612,P57771
685622,P58215
685642,P58335
685651,P59533
685657,P59534
685658,P59535
685659,P59536
685660,P59537
685661,P59538
685666,P59539
685667,P59540
685677,P59541
685678,P59542
685679,P59543
685680,P59544
685681,P59551
685682,P59768
685698,P60033
685701,P60174
685703,P60484
685704,P60568
685716,P60842
685756,P60866
685781,P60896
685810,P60900
685914,P60903
685944,P60953
685973,P61019
685974,P61024
685996,P61026
685997,P61073
686912,P61077
686917,P61081
686942,P61086
686943,P61088
686946,P61158
686948,P61160
686949,P61244
686954,P61247
686979,P61254
687004,P61278
687006,P61313
687031,P61353
687056,P61513
687081,P61586
687115,P61604
687156,P61927
687181,P61956
687182,P61964
687470,P61981
687473,P62081
687498,P62166
687499,P62191
687528,P62195
687557,P62241
687582,P62244
687607,P62249
687632,P62263
687657,P62266
687682,P62269
687707,P62273
687732,P62277
687757,P62280
687782,P62333
687811,P62424
687836,P62508
687942,P62701
687967,P62750
687992,P62753
688017,P62826
688018,P62829
688043,P62834
688046,P62841
688071,P62847
688096,P62851
688121,P62854
688146,P62857
688171,P62861
688196,P62873
688212,P62888
688237,P62891
688262,P62899
688287,P62906
688312,P62910
688337,P62913
688362,P62917
688387,P62937
688706,P62942
689273,P62945
689298,P62955
689307,P62979
689332,P62993
689554,P63000
689564,P63096
689570,P63104
689591,P63146
689593,P63151
689594,P63165
689595,P63173
689620,P63220
689645,P63279
689648,P67775
689657,P67870
690132,P67874
690151,P68104
690154,P68106
690163,P68363
690877,P68366
691591,P68371
692303,P68400
693230,P68402
693235,P78325
693254,P78329
693256,P78334
693634,P78348
693636,P78352
693660,P78356
693691,P78362
693707,P78368
693758,P78396
694816,P78417
694884,P78527
695996,P78536
697616,P78540
697703,P78545
697707,P79483
697724,P80188
697728,P80192
697823,P80294
697824,P80297
697825,P80365
698057,P80370
698071,P80404
698074,P83731
698099,P83881
698124,P83916
698125,P84077
698126,P84098
698151,P98073
698464,P98077
698465,P98161
698474,P98170
699031,P99999
699034,PIK3CG
699035,PRKAG1
699037,Q00526
699156,Q00532
699162,Q00534
699761,Q00535
700992,Q00536
701042,Q00537
701081,Q00610
701082,Q00613
701136,Q00653
701301,Q00688
701302,Q00796
701376,Q00975
701760,Q00987
704268,Q01043
704272,Q01064
704885,Q01118
704911,Q01196
704917,Q01432
704960,Q01433
704979,Q01469
705056,Q01538
705058,Q01543
705064,Q01650
705070,Q01668
705215,Q01726
705911,Q01813
705912,Q01844
705918,Q01959
709116,Q02083
709201,Q02108
709240,Q02127
709955,Q02153
709994,Q02156
710634,Q02224
710657,Q02318
710664,Q02543
710689,Q02641
710745,Q02643
710746,Q02750
711654,Q02763
712454,Q02779
712492,Q02790
712514,Q02878
712539,Q02880
712662,Q02928
712663,Q03111
712691,Q03135
712692,Q03164
712807,Q03181
714133,Q03405
714170,Q03431
714272,Q03933
714280,Q04206
714511,Q04609
714819,Q04721
714820,Q04756
714889,Q04759
715889,Q04760
715986,Q04771
716190,Q04828
716256,Q04844
716270,Q04912
716382,Q04917
716383,Q05193
716416,Q05209
716422,Q05397
717596,Q05469
717924,Q05513
718238,Q05586
718837,Q05639
718840,Q05655
719713,Q05823
719758,Q05901
719818,Q05923
719819,Q05932
719871,Q05940
719889,Q05BQ5
719904,Q06124
720447,Q06187
724882,Q06210
724885,Q06278
724904,Q06418
725655,Q06432
725664,Q06495
725673,Q06609
725699,Q06830
725702,Q07001
725803,Q07002
725829,Q07020
725854,Q07075
725916,Q07108
725924,Q07343
728548,Q07699
728569,Q07812
728580,Q07817
729613,Q07820
730602,Q07869
732728,Q07889
733018,Q07912
733532,Q07973
733603,Q08188
733604,Q08209
733638,Q08289
733647,Q08345
734836,Q08357
734837,Q08397
734838,Q08462
734873,Q08477
734874,Q08493
736383,Q08499
738480,Q08722
738485,Q08752
738514,Q08828
738640,Q08881
739654,Q09013
739695,Q09028
739727,Q09327
739741,Q09428
739956,Q09470
740107,Q09472
740409,Q10469
740487,Q10471
740490,Q10472
740491,Q11130
740496,Q11201
740500,Q11203
740501,Q12772
740518,Q12778
740519,Q12791
740564,Q12809
746708,Q12830
746714,Q12851
746815,Q12852
747783,Q12866
748929,Q12879
749292,Q12882
749298,Q12884
749481,Q12888
749486,Q12908
749711,Q12923
749725,Q12931
749768,Q12974
749772,Q13002
749872,Q13003
749913,Q13009
749914,Q13011
749915,Q13043
749959,Q13085
750429,Q13093
750837,Q13107
750839,Q13115
750840,Q13123
750841,Q13126
750955,Q13131
751302,Q13133
752434,Q13153
752688,Q13155
752691,Q13163
752759,Q13164
752840,Q13177
752893,Q13188
752968,Q13200
752997,Q13224
755069,Q13231
755126,Q13233
755158,Q13237
755182,Q13255
755806,Q13258
756460,Q13261
756472,Q13285
756542,Q13304
756585,Q13309
756607,Q13315
756800,Q13324
756856,Q13332
756874,Q13336
756876,Q13370
757630,Q13393
757786,Q13404
757788,Q13418
757953,Q13422
757956,Q13443
757993,Q13451
758081,Q13464
759311,Q13470
759361,Q13480
759369,Q13489
759498,Q13490
759809,Q13501
759819,Q13507
759852,Q13509
760569,Q13510
760683,Q13522
760691,Q13523
760706,Q13526
760916,Q13535
761933,Q13541
761940,Q13546
762272,Q13547
768671,Q13554
768739,Q13555
768810,Q13557
768999,Q13563
769001,Q13564
769055,Q13586
769111,Q13609
769112,Q13617
769113,Q13619
769135,Q13627
770382,Q13639
770958,Q13698
771136,Q13705
771153,Q13733
771329,Q13772
771330,Q13822
771770,Q13873
771797,Q13882
771977,Q13885
772689,Q13887
772694,Q13936
772980,Q13946
773635,Q13951
773667,Q13956
773760,Q13976
773788,Q14004
773817,Q14012
773844,Q14123
774068,Q14145
774276,Q14164
775198,Q14191
775205,Q14289
775344,Q14330
775356,Q14376
775359,Q14397
775527,Q14416
776298,Q14432
777160,Q14435
777161,Q14451
777173,Q14500
777174,Q14524
777823,Q14534
777876,Q14571
777879,Q14573
777891,Q14576
777897,Q14642
777900,Q14643
777909,Q14654
778280,Q14680
778431,Q14683
778432,Q14694
778434,Q14703
778456,Q14721
778458,Q14722
778459,Q14761
778462,Q14765
778463,Q14781
778466,Q14790
778814,Q14831
778834,Q14832
779023,Q14833
779563,Q14839
779564,Q14940
779569,Q14957
779815,Q14973
779922,Q14994
780025,Q14995
780028,Q15008
780057,Q15022
780094,Q15046
780181,Q15047
780182,Q15059
780362,Q15067
780364,Q15077
780554,Q15078
781671,Q15109
781708,Q15116
781753,Q15118
782450,Q15119
782679,Q15120
782860,Q15125
782918,Q15131
782927,Q15139
783260,Q15172
783263,Q15208
783273,Q15257
783276,Q15291
783298,Q15303
783955,Q15349
784271,Q15369
784308,Q15370
784345,Q15375
784380,Q15391
784489,Q15392
784508,Q15393
784526,Q15399
784528,Q15418
784660,Q15438
784661,Q15464
784667,Q15465
784679,Q15466
784683,Q15544
784684,Q15554
784699,Q15561
784709,Q15569
784727,Q15637
784729,Q15652
784730,Q15661
785160,Q15678
785162,Q15717
785191,Q15722
785778,Q15743
785779,Q15746
785842,Q15750
785979,Q15758
785983,Q15759
786719,Q15761
787992,Q15788
787993,Q15822
788003,Q15825
788042,Q15831
788054,Q15835
788085,Q15842
788277,Q15843
788278,Q15858
790903,Q15878
790912,Q15904
790914,Q15910
791125,Q16099
791158,Q16186
791187,Q16198
791188,Q16204
791194,Q16236
791486,Q16288
791624,Q16348
791645,Q16445
792196,Q16478
792248,Q16512
792310,Q16513
792372,Q16531
792385,Q16539
797216,Q16548
797289,Q16549
797303,Q16558
797304,Q16566
797342,Q16572
797574,Q16576
797581,Q16581
797724,Q16584
797839,Q16602
798587,Q16611
798608,Q16613
798622,Q16620
798821,Q16621
798823,Q16637
798933,Q16644
798949,Q16647
798964,Q16651
798986,Q16654
799177,Q16658
799221,Q16659
799235,Q16665
799721,Q16678
800045,Q16690
800047,Q16696
800066,Q16706
800083,Q16718
800087,Q16719
800091,Q16739
800279,Q16740
800282,Q16762
800298,Q16769
800827,Q16773
800828,Q16774
800829,Q16775
800831,Q16790
805347,Q16795
805351,Q16816
805386,Q16819
805393,Q16820
805455,Q16828
805456,Q16831
805465,Q16832
805785,Q16850
805812,Q16853
806282,Q16873
806431,Q16875
806869,Q16877
806901,Q16881
806944,Q2L8D9
806945,Q2M2H8
807285,Q2M2I8
807929,Q2M385
807945,Q2NL67
807948,Q32MK0
807977,Q3MIX3
807979,Q3SYC2
808022,Q3ZCM7
808734,Q460N3
808741,Q460N5
808830,Q49AN0
808884,Q4G0J3
808885,Q4R7Y4
808887,Q4U2R8
808920,Q504U8
808924,Q52WX2
808942,Q53EL6
808952,Q53GL7
809040,Q56A73
809042,Q56UN5
809100,Q58F15
809102,Q58F21
809187,Q58FF8
809188,Q59H18
809364,Q5BJF2
809545,Q5HYI8
809546,Q5JRX3
809548,Q5JUX0
809550,Q5NUL3
810288,Q5QJU3
810289,Q5R387
810307,Q5S007
811683,Q5TC84
812093,Q5TCQ9
812100,Q5TCX8
812101,Q5TCY1
812104,Q5U5Z8
812108,Q5VT25
812177,Q5VTY9
812179,Q5VWK5
812770,Q5VWQ8
812776,Q5XXA6
812834,Q6B0I6
812856,Q6DHV7
812861,Q6DT37
812872,Q6DWJ6
812896,Q6GMR7
812898,Q6GPI1
812910,Q6GQQ9
812912,Q6IQ55
812914,Q6J4K2
812915,Q6JQN1
812922,Q6L5J4
813301,Q6L8Q7
813302,Q6LAF7
813320,Q6NYC1
813321,Q6P179
813410,Q6P1M0
813438,Q6P2M8
813442,Q6P3R8
813457,Q6P5Z2
813462,Q6P988
813566,Q6PCB7
813640,Q6PEY2
814354,Q6PH85
814355,Q6PHR2
814392,Q6PIU2
814414,Q6PL18
814521,Q6QHF9
814530,Q6R327
814582,Q6SZW1
814587,Q6UW60
814593,Q6UXS9
814595,Q6V1X1
815210,Q6VAB6
815211,Q6W2J9
815221,Q6W5P4
815304,Q6XQN6
815326,Q6XUX3
815345,Q6Y7W6
815346,Q6YP21
815348,Q6ZMT4
815352,Q6ZN16
815361,Q6ZN18
815389,Q6ZQN7
815395,Q6ZQW0
815405,Q6ZSR9
815455,Q6ZVD8
815462,Q6ZWH5
815463,Q709F0
815466,Q70CQ3
815913,Q70Z44
816190,Q71U36
816904,Q71UR5
816905,Q76MJ5
816911,Q7KZI7
816987,Q7L2E3
816988,Q7L7X3
817084,Q7LBC6
817088,Q7LG56
817139,Q7RTN6
817147,Q7RTR8
817148,Q7RTX0
817399,Q7RTX1
817539,Q7Z2K8
817540,Q7Z2W7
817858,Q7Z3S7
817867,Q7Z406
817868,Q7Z418
817869,Q7Z4H4
817877,Q7Z601
817980,Q7Z7J9
817981,Q86SG6
817984,Q86SK9
817987,Q86SR1
817988,Q86TI2
818431,Q86TP1
818433,Q86TW2
818451,Q86U86
818476,Q86UE8
818487,Q86UX6
818494,Q86V24
818495,Q86V86
819982,Q86VL8
819991,Q86VQ6
820027,Q86VZ5
820039,Q86W10
820046,Q86W56
820139,Q86WA6
820140,Q86WV6
820201,Q86WV7
820202,Q86X55
820367,Q86XE5
820386,Q86XP3
820387,Q86Y07
820396,Q86Y39
820400,Q86YT5
820410,Q86YV6
820432,Q86Z02
820475,Q8IU80
820566,Q8IU85
820597,Q8IV61
820684,Q8IVH8
820725,Q8IVT5
820726,Q8IVW4
820734,Q8IW41
820772,Q8IWE4
820773,Q8IWQ3
820793,Q8IWU9
820800,Q8IXJ6
821300,Q8IY84
821317,Q8IYD1
821318,Q8IYT8
821354,Q8IZL8
821355,Q8IZL9
821363,Q8IZS8
821372,Q8IZX4
821384,Q8N122
821497,Q8N130
821499,Q8N183
821503,Q8N1C3
821881,Q8N1Q1
822263,Q8N2K0
822266,Q8N339
822267,Q8N474
822340,Q8N4C6
822343,Q8N4C8
822400,Q8N543
822403,Q8N568
822420,Q8N5K1
822422,Q8N5S9
822447,Q8N5Y8
822457,Q8N5Z0
822681,Q8N6T7
822685,Q8N752
822701,Q8N884
822816,Q8N8U2
822872,Q8NA19
822873,Q8NB16
822879,Q8NB78
822886,Q8NBP7
822906,Q8NCG7
822915,Q8NCL4
822916,Q8ND76
823007,Q8NE63
823053,Q8NEB9
823557,Q8NER1
826810,Q8NET8
827121,Q8NEV1
827150,Q8NEV4
827161,Q8NFD2
827186,Q8NFI3
827190,Q8NFJ6
827193,Q8NFM4
827228,Q8NFU5
827234,Q8NG66
827246,Q8NG68
827263,Q8NHM5
827361,Q8NHU3
827422,Q8NI60
827444,Q8TAA3
827548,Q8TAF3
827624,Q8TAX0
827625,Q8TB45
827634,Q8TBC4
827685,Q8TBX8
827767,Q8TCC7
827796,Q8TCG2
827803,Q8TCT0
827804,Q8TCT1
827827,Q8TCT7
827828,Q8TCT8
827841,Q8TCU5
828061,Q8TCW9
828115,Q8TD08
828144,Q8TD19
828164,Q8TD43
828173,Q8TDC3
828193,Q8TDR2
828217,Q8TDS4
828739,Q8TDS5
828804,Q8TDU6
829680,Q8TDU9
829694,Q8TDV5
830891,Q8TDX5
830931,Q8TDX7
830944,Q8TDZ9
830984,Q8TE04
830995,Q8TE23
831107,Q8TEK3
831213,Q8TET4
831214,Q8TF76
831280,Q8WTQ7
831308,Q8WTS6
831316,Q8WTV0
831369,Q8WU08
831387,Q8WUI4
833386,Q8WUK0
833387,Q8WUM9
833389,Q8WVY7
833397,Q8WW43
835408,Q8WWL7
835805,Q8WWR8
835826,Q8WWX8
835828,Q8WXA8
836106,Q8WXD0
836109,Q8WXE1
836112,Q8WXR4
836128,Q8WXS5
836157,Q8WYB5
836158,Q8WYR1
836195,Q8WZA2
836257,Q92499
836258,Q92523
836426,Q92542
838437,Q92551
838443,Q92564
838444,Q92608
838450,Q92630
838635,Q92633
838833,Q92696
838842,Q92731
840823,Q92736
840875,Q92743
841061,Q92753
841192,Q92769
844780,Q92772
844802,Q92793
845979,Q92794
846198,Q92800
846286,Q92820
846288,Q92824
846300,Q92830
846322,Q92831
846492,Q92843
846537,Q92844
846539,Q92847
848376,Q92851
848386,Q92876
848418,Q92887
848434,Q92889
848488,Q92905
848499,Q92918
848591,Q92934
848650,Q92952
848661,Q92953
848662,Q92959
848685,Q92993
848686,Q92995
848687,Q93008
848698,Q93009
848785,Q93084
848790,Q93088
848805,Q93096
848809,Q93100
848812,Q969F8
849123,Q969H4
849147,Q969S8
851279,Q969T7
851280,Q969U7
851281,Q969V1
851526,Q96A54
851527,Q96AD5
851528,Q96B36
851596,Q96BD0
851597,Q96BI3
853608,Q96BN8
853609,Q96BR1
853634,Q96C86
853669,Q96CA5
853671,Q96CX2
853698,Q96D31
853774,Q96D53
853789,Q96DB2
855890,Q96EB6
856208,Q96EP0
856209,Q96FL8
856240,Q96FL9
856241,Q96FW1
856243,Q96G91
856273,Q96GD4
858161,Q96GG9
858316,Q96GX5
858319,Q96HE7
858321,Q96IY4
858604,Q96J92
858605,Q96JB6
858610,Q96JF0
858611,Q96JM7
858698,Q96K76
858710,Q96KB5
858855,Q96KQ7
859184,Q96KS0
859732,Q96L34
859772,Q96LA8
859867,Q96LB1
859875,Q96LB2
859966,Q96NT5
860015,Q96NX5
860036,Q96P09
860042,Q96P20
860078,Q96P65
860182,Q96P68
860185,Q96PD7
860702,Q96PF2
860715,Q96PH1
860732,Q96PN6
860735,Q96PN8
860742,Q96PY6
860764,Q96Q04
860768,Q96Q15
860789,Q96Q40
860812,Q96Q83
860848,Q96Q89
860849,Q96QA9
860853,Q96RG2
860865,Q96RI0
861742,Q96RI1
863043,Q96RJ0
863218,Q96RP8
863219,Q96RR4
863325,Q96RU2
863484,Q96RU8
863485,Q96S37
863628,Q96S44
863636,Q96S53
863647,Q96SB4
863705,Q96SN7
863721,Q96SW2
863799,Q96SZ6
863803,Q96T53
863808,Q96T54
863809,Q96T60
863811,Q99250
864010,Q99418
864011,Q99436
864123,Q99460
864152,Q99466
864153,Q99489
864161,Q99500
865946,Q99504
865949,Q99519
865979,Q99523
866058,Q99527
866143,Q99538
866257,Q99558
866413,Q99571
866545,Q99572
868468,Q99598
868469,Q99619
868472,Q99640
868502,Q99677
868518,Q99683
868684,Q99685
869233,Q99705
872816,Q99707
872819,Q99720
875390,Q99732
875448,Q99755
875469,Q99757
875470,Q99759
875490,Q99788
875507,Q99808
875718,Q99814
876032,Q99816
876035,Q99828
876038,Q99832
876039,Q99835
876592,Q99873
876660,Q99884
876710,Q99895
876836,Q99928
877216,Q99972
877219,Q99986
877227,Q9BPX1
877274,Q9BPZ2
877276,Q9BPZ7
877328,Q9BQ69
877329,Q9BQA1
877786,Q9BQB4
877808,Q9BQB6
877814,Q9BQE3
878528,Q9BQF6
878539,Q9BQI3
878607,Q9BRH5
878622,Q9BRQ5
878638,Q9BRS2
878663,Q9BRX8
878664,Q9BT73
878666,Q9BTE7
878667,Q9BTU6
878674,Q9BTY2
878676,Q9BU61
878680,Q9BU89
878685,Q9BUB5
879148,Q9BUF5
879860,Q9BV23
879945,Q9BV47
879946,Q9BV86
879951,Q9BVA1
880663,Q9BVC4
880776,Q9BVJ7
880779,Q9BVS4
880807,Q9BW19
880829,Q9BW60
880830,Q9BWU1
880965,Q9BX84
880966,Q9BX93
880976,Q9BXA5
881023,Q9BXA6
881024,Q9BXA7
881048,Q9BXC0
881190,Q9BXC1
881230,Q9BXF3
881343,Q9BXH1
881344,Q9BXM7
881347,Q9BXR0
881349,Q9BXT2
881358,Q9BXU1
881359,Q9BY08
881363,Q9BY41
884556,Q9BYC5
884557,Q9BYF1
884686,Q9BYM8
884687,Q9BYP7
884692,Q9BYT3
884750,Q9BYW2
884752,Q9BZ11
884764,Q9BZ23
884765,Q9BZ95
884766,Q9BZE4
884768,Q9BZJ3
884981,Q9BZL6
885083,Q9BZM1
885093,Q9BZM2
885116,Q9BZP6
885172,Q9BZX2
885174,Q9C005
885189,Q9C098
885222,Q9C0B1
885271,Q9GZN0
885480,Q9GZQ4
885599,Q9GZQ6
885682,Q9GZR1
885683,Q9GZT9
886304,Q9GZV3
886330,Q9GZZ6
886355,Q9H093
886386,Q9H0A0
886387,Q9H0E9
886391,Q9H0F6
886392,Q9H0J9
886396,Q9H0K1
886458,Q9H160
886461,Q9H1C0
886476,Q9H1D0
886483,Q9H1R2
886485,Q9H1R3
886511,Q9H227
886512,Q9H228
886989,Q9H237
887057,Q9H244
888098,Q9H255
888119,Q9H2G2
888189,Q9H2J7
888201,Q9H2K2
888616,Q9H2K8
888693,Q9H2M3
888694,Q9H2S1
888706,Q9H2X6
888753,Q9H2X9
888764,Q9H3N8
890131,Q9H3P7
890132,Q9H3R0
890515,Q9H3Y6
890545,Q9H422
890582,Q9H4A3
890594,Q9H4A4
890602,Q9H4B4
890799,Q9H4B7
891559,Q9H4C2
891563,Q9H4M9
891564,Q9H5I1
892025,Q9H5J4
892130,Q9H6P5
892138,Q9H6S1
892139,Q9H6Z9
892280,Q9H773
892452,Q9H792
892453,Q9H7B4
892534,Q9H7Z6
892539,Q9H7Z7
892569,Q9H8M2
892713,Q9H999
892726,Q9H9B1
892857,Q9H9Z2
892858,Q9HAS3
892861,Q9HAU4
892875,Q9HAW7
892876,Q9HAW8
892878,Q9HAW9
892880,Q9HAZ1
893077,Q9HB03
893087,Q9HB21
893088,Q9HB55
893099,Q9HB89
893217,Q9HBA0
893494,Q9HBH1
893537,Q9HBH9
894593,Q9HBK9
894602,Q9HBW0
894717,Q9HBX9
894815,Q9HBY8
894826,Q9HC29
894902,Q9HC35
895004,Q9HC52
895030,Q9HC62
895044,Q9HC97
895183,Q9HC98
895206,Q9HCE7
895302,Q9HCG7
895424,Q9HCN6
895425,Q9HCP0
895455,Q9HCR9
895622,Q9HCX4
895627,Q9HD36
895629,Q9JHG7
895630,Q9LFS4
895631,Q9NNW7
895667,Q9NNX6
895669,Q9NP56
895737,Q9NP59
896090,Q9NP77
896091,Q9NP87
896092,Q9NPA2
896102,Q9NPB1
896103,Q9NPC1
896362,Q9NPC2
896453,Q9NPD5
896544,Q9NPD8
896545,Q9NPH5
896662,Q9NPI1
896694,Q9NPI8
896695,Q9NQ66
896697,Q9NQ90
896704,Q9NQB0
896976,Q9NQR1
896990,Q9NQS5
897441,Q9NQS7
897551,Q9NQU5
897575,Q9NQW7
897577,Q9NR19
897871,Q9NR20
897878,Q9NR21
897894,Q9NR22
897928,Q9NR48
897929,Q9NR63
897949,Q9NR82
897977,Q9NR96
898047,Q9NR97
898350,Q9NRA0
898496,Q9NRC8
898497,Q9NRE1
898509,Q9NRG4
898550,Q9NRH2
898555,Q9NRM7
898686,Q9NRP7
898711,Q9NRR2
898926,Q9NRS4
898927,Q9NRW4
898945,Q9NRX3
898949,Q9NS75
899443,Q9NS86
899444,Q9NS87
899447,Q9NSA0
899461,Q9NSD5
899464,Q9NSD7
899486,Q9NSD9
899488,Q9NSE4
899489,Q9NSI6
899494,Q9NSY1
899582,Q9NTG7
899736,Q9NTK5
899738,Q9NU22
899739,Q9NUW8
899856,Q9NV23
899857,Q9NV35
899858,Q9NVM4
899859,Q9NVS9
899860,Q9NWQ8
899861,Q9NWT6
899862,Q9NWT8
899864,Q9NWZ3
905403,Q9NX14
905407,Q9NX74
905408,Q9NXA8
905491,Q9NXG6
905550,Q9NXS2
905596,Q9NY33
905602,Q9NY46
905733,Q9NY47
905767,Q9NY57
905783,Q9NY59
905811,Q9NY64
905812,Q9NY65
905815,Q9NY91
905845,Q9NYA1
906089,Q9NYB0
906107,Q9NYB5
906109,Q9NYB9
906110,Q9NYK1
906622,Q9NYL2
906715,Q9NYQ3
906716,Q9NYV4
906764,Q9NYV7
906765,Q9NYV8
906766,Q9NYV9
906767,Q9NYW0
906769,Q9NYW1
906770,Q9NYW2
906826,Q9NYW3
906827,Q9NYW4
906828,Q9NYW5
906829,Q9NYW6
906830,Q9NYW7
906831,Q9NYY3
907018,Q9NZ08
907077,Q9NZ20
907087,Q9NZ42
909099,Q9NZ45
909151,Q9NZJ5
909252,Q9NZK7
909278,Q9NZM1
909279,Q9NZQ7
909335,Q9NZQ8
909396,Q9P032
909400,Q9P0G3
909441,Q9P0J0
909446,Q9P0L2
909481,Q9P0U3
909509,Q9P0X4
909829,Q9P1W9
912694,Q9P1Z3
912695,Q9P246
912697,Q9P275
912698,Q9P286
912726,Q9P289
912776,Q9P2J5
912794,Q9P2K3
912797,Q9P2K8
912850,Q9P2R7
912851,Q9P2T1
912899,Q9P6S5
912900,Q9UBB5
912907,Q9UBC3
912926,Q9UBE0
912954,Q9UBE8
912987,Q9UBF8
913262,Q9UBL3
913284,Q9UBL9
913577,Q9UBM7
913595,Q9UBN1
913604,Q9UBN4
913609,Q9UBN7
918194,Q9UBR2
918199,Q9UBS0
918231,Q9UBS5
918267,Q9UBT2
918292,Q9UBT6
918297,Q9UBU3
918342,Q9UBU7
918623,Q9UBX1
918664,Q9UBY0
918673,Q9UBY5
918806,Q9UBZ9
918819,Q9UDY8
918944,Q9UEE5
919015,Q9UEW8
919029,Q9UF02
919038,Q9UF33
919077,Q9UGC6
919078,Q9UGI6
919099,Q9UGI9
919143,Q9UGJ0
919216,Q9UGL1
919497,Q9UGM1
919523,Q9UGN5
919818,Q9UGP5
919835,Q9UH92
919843,Q9UHC3
919873,Q9UHC9
919971,Q9UHD2
920229,Q9UHD8
920232,Q9UHF0
920238,Q9UHH9
920248,Q9UHI8
920253,Q9UHL4
920897,Q9UHM6
920898,Q9UHP3
921068,Q9UI09
921072,Q9UI32
921089,Q9UI33
921099,Q9UI42
921110,Q9UIF8
921152,Q9UIF9
921187,Q9UIG8
921189,Q9UIK4
921224,Q9UIQ6
921619,Q9UIV1
921630,Q9UJM8
921645,Q9UJW3
921647,Q9UK17
921653,Q9UK23
921658,Q9UK32
921712,Q9UK80
921714,Q9UKE5
921787,Q9UKI8
921801,Q9UKK3
921814,Q9UKL0
921924,Q9UKL6
921935,Q9UKM7
921947,Q9UKP6
922560,Q9UKR3
922562,Q9UKT9
922565,Q9UKU6
922566,Q9UKV0
924643,Q9UL51
924644,Q9UL54
924674,Q9UL62
924724,Q9ULA0
924728,Q9ULC5
924731,Q9ULC6
924738,Q9ULD4
924765,Q9ULD8
924834,Q9ULI0
924840,Q9ULK4
924845,Q9ULV5
924853,Q9ULW0
924871,Q9ULW8
924881,Q9ULX7
925650,Q9ULZ1
925668,Q9ULZ9
925687,Q9UM07
925704,Q9UM47
925724,Q9UM73
927632,Q9UM81
927639,Q9UM91
927640,Q9UN88
928018,Q9UNA0
928927,Q9UNA4
928930,Q9UNH5
928933,Q9UNI1
928949,Q9UNK4
928977,Q9UNM6
929006,Q9UNQ0
929851,Q9UNU6
929941,Q9UP38
929944,Q9UP65
929947,Q9UPC5
929989,Q9UPE1
930017,Q9UPN9
930053,Q9UPP1
930113,Q9UPY5
930126,Q9UPZ9
930145,Q9UQ49
930167,Q9UQ88
930183,Q9UQB9
930284,Q9UQD0
931245,Q9UQL6
933269,Q9UQM7
933354,Q9Y210
933398,Q9Y232
933420,Q9Y233
938133,Q9Y237
938134,Q9Y239
938233,Q9Y243
938501,Q9Y251
938733,Q9Y253
938737,Q9Y256
938754,Q9Y263
938778,Q9Y265
938779,Q9Y271
939372,Q9Y286
939378,Q9Y294
939380,Q9Y2D0
939899,Q9Y2H1
939909,Q9Y2H9
939923,Q9Y2I1
940091,Q9Y2I7
940093,Q9Y2J8
940104,Q9Y2K2
940141,Q9Y2K7
940201,Q9Y2Q3
940203,Q9Y2R2
940314,Q9Y2T1
940318,Q9Y2T3
940326,Q9Y2T5
940372,Q9Y2T6
940466,Q9Y2U5
940498,Q9Y2W1
940499,Q9Y303
940500,Q9Y337
940580,Q9Y345
940751,Q9Y375
940755,Q9Y3Q0
940774,Q9Y3Q4
940797,Q9Y3R4
940804,Q9Y3S1
940808,Q9Y3U8
940833,Q9Y463
941154,Q9Y468
941206,Q9Y478
941374,Q9Y4C1
941405,Q9Y4D2
941556,Q9Y4K0
941873,Q9Y4K4
941939,Q9Y4P1
941994,Q9Y570
941996,Q9Y572
942214,Q9Y587
942216,Q9Y5K2
942234,Q9Y5L3
942235,Q9Y5N1
946358,Q9Y5P4
946359,Q9Y5S2
946376,Q9Y5S8
946475,Q9Y5T5
946476,Q9Y5X4
946489,Q9Y5X5
946587,Q9Y5X9
947734,Q9Y5Y4
950944,Q9Y5Y6
951357,Q9Y5Y9
951526,Q9Y5Z0
952149,Q9Y616
952188,Q9Y618
952498,Q9Y657
952520,Q9Y694
952522,Q9Y698
952547,Q9Y6A2
952551,Q9Y6B2
952552,Q9Y6E0
952577,Q9Y6E7
952578,Q9Y6F1
952673,Q9Y6F8
952685,Q9Y6K0
952724,Q9Y6K1
952754,Q9Y6K9
952774,Q9Y6L6
952897,Q9Y6L7
952900,Q9Y6M4
952918,Q9Y6M9
952922,Q9Y6N5
952923,Q9Y6R4
952937,Q9Y6W6
952940,Q9Y6X0
952941,Q9Y6Y9
952947,V9HWB9
952954,V9HWI6
